{"min": [-0.833141, -0.55679, -0.298681], "max": [0.753769, 0.573282, 0.392586]}