{"min": [-0.741382, -0.678587, -0.447151], "max": [0.72002, 0.125008, 0.521957]}