{"min": [-0.686834, -0.711098, -0.365069], "max": [0.669299, 0.588529, 0.393047]}