{"min": [-0.357803, -0.883327, -0.38649], "max": [0.374626, 0.868425, 0.431439]}