{"min": [-0.91438, -0.525136, -0.415995], "max": [0.877278, 0.242327, 0.414286]}